City_ID,City,Country,Lat,Lng,Max Temp,Humidity,Cloudiness,Wind Speed,Current Description
0,Busselton,AU,-33.65,115.3333,56.08,79,21,12.35,light rain
1,Sabang,ID,5.8933,95.3214,83.12,74,100,15.97,overcast clouds
2,Qaanaaq,GL,77.484,-69.3632,38.07,84,100,5.08,overcast clouds
3,Port Alfred,ZA,-33.5906,26.891,60.91,83,0,15.19,clear sky
4,Punta Arenas,CL,-53.15,-70.9167,39.31,87,20,7.56,few clouds
5,Yellowknife,CA,62.456,-114.3525,63.28,59,75,4.61,broken clouds
6,Laguna,US,38.421,-121.4238,89.44,50,1,1.99,clear sky
7,Fortuna,US,40.5982,-124.1573,69.42,70,75,8.01,broken clouds
8,Rikitea,PF,-23.1203,-134.9692,75.63,79,100,12.06,overcast clouds
9,Dingle,PH,10.9995,122.6711,76.3,92,52,2.33,light rain
10,Nikolskoye,RU,59.7035,30.7861,73.29,65,80,4.03,broken clouds
11,Bredasdorp,ZA,-34.5322,20.0403,52.92,87,0,2.46,clear sky
12,Jamestown,US,42.097,-79.2353,84.09,41,1,14.97,clear sky
13,Saint George,US,37.1041,-113.5841,99.07,14,3,1.01,clear sky
14,Butaritari,KI,3.0707,172.7902,82.31,70,38,6.87,scattered clouds
15,Mecca,SA,21.4267,39.8261,88.16,47,25,5.06,scattered clouds
16,Sao Gabriel Da Cachoeira,BR,-0.1303,-67.0892,75.0,94,75,1.59,moderate rain
17,Maldonado,UY,-34.6667,-54.9167,56.59,97,100,8.46,light rain
18,Conde,BR,-7.2597,-34.9075,83.66,65,40,12.01,scattered clouds
19,Shepsi,RU,44.0361,39.1489,61.25,84,43,8.77,scattered clouds
20,Esperance,AU,-33.8667,121.9,53.44,62,97,14.83,overcast clouds
21,Cherskiy,RU,68.75,161.3,60.12,44,46,16.02,scattered clouds
22,Saint-Augustin,CA,51.226,-58.6502,51.42,86,99,10.47,overcast clouds
23,Talnakh,RU,69.4865,88.3972,25.7,98,92,3.11,overcast clouds
24,Avarua,CK,-21.2078,-159.775,71.65,94,75,10.36,light rain
25,Uige,AO,-7.6087,15.0613,71.29,44,100,1.97,overcast clouds
26,Cape Town,ZA,-33.9258,18.4232,59.27,67,0,4.12,clear sky
27,Bluff,NZ,-46.6,168.3333,46.38,75,81,7.4,broken clouds
28,Vaini,TO,-21.2,-175.2,66.36,88,20,1.14,few clouds
29,Mataura,NZ,-46.1927,168.8643,39.31,96,48,1.16,scattered clouds
30,Kudahuvadhoo,MV,2.6708,72.8944,83.19,76,94,13.62,overcast clouds
31,Puerto Ayora,EC,-0.7393,-90.3518,82.36,84,94,8.01,overcast clouds
32,Narsaq,GL,60.9167,-46.05,61.02,59,97,9.15,overcast clouds
33,Meulaboh,ID,4.1363,96.1285,75.9,87,97,3.85,overcast clouds
34,Atuona,PF,-9.8,-139.0333,79.12,73,85,14.74,overcast clouds
35,Mount Gambier,AU,-37.8333,140.7667,53.51,100,90,9.22,mist
36,Ushuaia,AR,-54.8,-68.3,35.22,80,40,3.44,scattered clouds
37,Polunochnoye,RU,60.8697,60.4153,66.58,44,31,11.41,scattered clouds
38,Mnogovershinnyy,RU,53.9353,139.9242,32.7,99,100,6.71,overcast clouds
39,Pangnirtung,CA,66.1451,-65.7125,39.2,81,75,14.97,broken clouds
40,Dunedin,NZ,-45.8742,170.5036,50.81,60,100,10.0,overcast clouds
41,Zverinogolovskoye,RU,54.4586,64.8542,56.5,46,0,3.09,clear sky
42,Abha,SA,18.2164,42.5053,73.65,50,0,2.01,clear sky
43,Hovd,MN,48.0056,91.6419,51.96,31,16,15.23,few clouds
44,Hermanus,ZA,-34.4187,19.2345,59.94,61,0,6.46,clear sky
45,Grindavik,IS,63.8424,-22.4338,53.56,93,75,27.04,light rain
46,Coihaique,CL,-45.5752,-72.0662,48.15,49,40,2.3,scattered clouds
47,Santa Cruz De La Palma,ES,28.6835,-17.7642,71.13,68,40,12.66,scattered clouds
48,Ixtapa,MX,20.7,-105.2,85.23,66,20,8.05,few clouds
49,Camacha,PT,33.0833,-16.3333,67.42,60,40,14.97,scattered clouds
50,Tubuala,PA,9.5167,-79.0333,89.33,74,29,7.65,scattered clouds
51,Souillac,MU,-20.5167,57.5167,74.35,83,40,6.71,scattered clouds
52,Faanui,PF,-16.4833,-151.75,81.01,72,97,8.41,overcast clouds
53,Kruisfontein,ZA,-34.0033,24.7314,56.88,69,0,5.97,clear sky
54,Tashtyp,RU,52.7939,89.8983,40.33,97,94,9.53,light rain
55,Leh,IN,34.1667,77.5833,52.23,36,71,4.52,broken clouds
56,Arraial Do Cabo,BR,-22.9661,-42.0278,80.56,78,0,21.85,clear sky
57,Bengkulu,ID,-3.8004,102.2655,75.79,92,21,4.61,few clouds
58,Albany,US,42.6001,-73.9662,89.31,50,31,1.01,scattered clouds
59,Stornoway,GB,58.2093,-6.3865,60.93,72,20,9.22,few clouds
60,Alexandria,EG,31.2156,29.9553,73.36,73,40,14.97,scattered clouds
61,Grand Baie,MU,-20.0182,57.5802,74.44,81,7,1.01,clear sky
62,Provost,CA,52.3501,-110.2683,68.45,53,83,6.51,broken clouds
63,Severo-Kurilsk,RU,50.6789,156.125,42.21,95,100,18.19,moderate rain
64,Provideniya,RU,64.3833,-173.3,37.0,91,100,5.77,overcast clouds
65,Pisco,PE,-13.7,-76.2167,66.25,72,0,11.5,clear sky
66,Bethel,US,41.3712,-73.414,91.35,56,1,3.0,clear sky
67,Bonthe,SL,7.5264,-12.505,83.23,73,93,8.5,overcast clouds
68,Westport,US,41.1415,-73.3579,93.06,55,1,1.01,clear sky
69,Valdivia,CL,-39.8142,-73.2459,42.89,80,83,1.57,broken clouds
70,Mar Del Plata,AR,-38.0023,-57.5575,63.09,66,0,1.01,clear sky
71,Krasnoselkup,RU,65.7,82.4667,32.58,77,88,17.54,overcast clouds
72,Katsuura,JP,35.1333,140.3,71.71,88,92,12.39,overcast clouds
73,Lumby,CA,50.2498,-118.969,63.55,71,94,9.1,light rain
74,Hobart,AU,-42.8794,147.3294,46.92,75,75,1.99,broken clouds
75,Bamako,ML,12.65,-8.0,104.41,25,0,5.64,clear sky
76,Puerto El Triunfo,SV,13.2833,-88.55,94.06,66,63,10.2,broken clouds
77,Vestmannaeyjar,IS,63.4427,-20.2734,48.13,86,100,25.7,overcast clouds
78,Tuktoyaktuk,CA,69.4541,-133.0374,35.6,80,90,12.66,overcast clouds
79,Georgetown,MY,5.4112,100.3354,79.9,92,40,1.01,heavy intensity rain
80,Kisangani,CD,0.5167,25.2,70.23,97,95,0.63,overcast clouds
81,Ust-Kut,RU,56.7938,105.7672,51.96,96,100,5.39,light rain
82,Longyearbyen,SJ,78.2186,15.6401,33.64,75,75,13.8,broken clouds
83,Sobolevo,RU,54.4299,31.8996,58.55,74,75,3.22,broken clouds
84,Tangier,MA,35.7806,-5.8137,74.55,69,40,11.48,scattered clouds
85,Mahebourg,MU,-20.4081,57.7,74.25,83,40,8.05,scattered clouds
86,Burnie,AU,-41.0667,145.9167,48.96,77,74,8.93,broken clouds
87,Itaituba,BR,-4.2761,-55.9836,89.55,52,56,2.28,broken clouds
88,Jega,NG,12.2175,4.3792,100.17,26,71,6.69,broken clouds
89,Tasiilaq,GL,65.6145,-37.6368,39.36,98,100,8.19,light rain
90,Upernavik,GL,72.7868,-56.1549,37.47,84,55,2.93,broken clouds
91,Ceuta,ES,35.8903,-5.3075,75.31,90,66,7.85,broken clouds
92,Kapaa,US,22.0752,-159.319,77.32,74,40,1.01,scattered clouds
93,Ihosy,MG,-22.4,46.1167,61.95,70,19,4.5,few clouds
94,Bambous Virieux,MU,-20.3428,57.7575,74.21,83,40,7.54,scattered clouds
95,Saint-Philippe,RE,-21.3585,55.7679,74.75,83,41,3.78,light rain
96,Bundaberg,AU,-24.85,152.35,54.21,77,0,1.99,clear sky
97,Sitka,US,57.0531,-135.33,51.69,76,75,0.0,light rain
98,Kapit,MY,2.0167,112.9333,72.88,99,64,0.65,broken clouds
99,Leningradskiy,RU,69.3833,178.4167,34.21,94,98,10.36,overcast clouds
100,Parker,US,32.7668,-97.8003,80.46,80,100,1.01,overcast clouds
101,Badiraguato,MX,25.3667,-107.5167,91.71,25,0,6.73,clear sky
102,Brigantine,US,39.4101,-74.3646,90.34,45,1,12.5,clear sky
103,Istisu,AZ,40.9457,48.0738,59.67,92,67,1.21,broken clouds
104,Lavrentiya,RU,65.5833,-171.0,32.9,86,93,11.21,overcast clouds
105,Kununurra,AU,-15.7667,128.7333,64.38,52,75,4.61,broken clouds
106,Kolondieba,ML,11.0882,-6.8926,101.43,23,17,5.41,few clouds
107,Arman,RU,59.7,150.1667,40.78,93,100,8.57,light rain
108,Birin,NP,26.8865,88.0718,63.7,79,13,5.57,few clouds
109,Hailar,CN,49.2,119.7,51.71,72,16,7.14,few clouds
110,Ribeira Grande,PT,38.5167,-28.7,70.2,78,20,10.36,few clouds
111,Pattaya,TH,12.9333,100.8833,90.18,73,100,13.71,overcast clouds
112,San Patricio,US,28.017,-97.5169,87.03,60,4,9.46,clear sky
113,Buala,SB,-8.145,159.5921,79.2,82,92,4.03,overcast clouds
114,Bonavista,CA,48.6499,-53.1147,48.2,79,83,12.48,broken clouds
115,Stanislav,UA,46.5691,32.1478,66.29,63,65,7.99,broken clouds
116,Lagos,NG,6.5833,3.75,80.92,93,98,4.38,overcast clouds
117,Hilo,US,19.7297,-155.09,77.79,72,1,5.75,light rain
118,Norman Wells,CA,65.282,-126.8329,48.24,71,75,11.5,light rain
119,Wum,CM,6.3833,10.0667,66.79,94,96,1.28,light rain
120,Henties Bay,NA,-22.116,14.2845,70.68,43,0,9.57,clear sky
121,Chuy,UY,-33.6971,-53.4616,63.12,97,100,9.64,moderate rain
122,Albion,US,42.2431,-84.753,86.7,40,1,15.66,clear sky
123,Asau,RO,46.4333,26.4,63.52,82,86,2.57,overcast clouds
124,Dakar,SN,14.6937,-17.4441,86.88,80,19,9.24,few clouds
125,Pimentel,PE,-6.8367,-79.9342,71.89,81,90,5.01,overcast clouds
126,Cockburn Town,TC,21.4612,-71.1419,85.96,62,40,16.11,scattered clouds
127,Mount Kisco,US,41.2043,-73.7271,91.81,49,1,1.01,clear sky
128,Toktogul,KG,41.8708,72.9402,67.53,66,53,2.73,broken clouds
129,Lebu,CL,-37.6167,-73.65,52.92,68,87,10.76,overcast clouds
130,Touros,BR,-5.1989,-35.4608,86.9,63,13,16.89,few clouds
131,Russell,US,32.3502,-85.1999,88.92,61,40,4.32,scattered clouds
132,Merritt Island,US,28.5392,-80.672,91.49,71,75,8.05,broken clouds
133,Port Moresby,PG,-9.4431,147.1797,74.62,94,75,11.5,broken clouds
134,Salalah,OM,17.0151,54.0924,82.49,89,20,3.44,few clouds
135,Pueblo Nuevo,MX,23.3833,-105.3833,76.86,32,1,7.78,clear sky
136,Cabo San Lucas,MX,22.8909,-109.9124,100.51,37,1,9.22,clear sky
137,Big Spring,US,32.2504,-101.4787,82.27,59,1,5.01,clear sky
138,Necochea,AR,-38.5473,-58.7368,61.03,43,50,15.3,scattered clouds
139,Barrow,US,71.2906,-156.7887,30.22,93,90,6.91,mist
140,Sanming,CN,26.2486,117.6186,70.2,95,48,0.6,scattered clouds
141,Hithadhoo,MV,-0.6,73.0833,82.85,75,100,12.37,overcast clouds
142,Puerto Escondido,MX,15.85,-97.0667,88.63,66,40,0.0,scattered clouds
143,Constitucion,CL,-35.3333,-72.4167,57.47,54,74,11.03,broken clouds
144,Sayyan,YE,15.1718,44.3244,68.56,20,22,12.35,few clouds
145,Chalons-En-Champagne,FR,48.9539,4.3672,61.11,94,100,7.87,overcast clouds
146,Thompson,CA,55.7435,-97.8558,57.36,72,75,6.91,broken clouds
147,Senno,RU,59.5336,33.9167,66.25,62,13,4.47,few clouds
148,Castro,BR,-24.7911,-50.0119,72.39,54,1,7.45,clear sky
149,Ler,SS,8.3018,30.1418,76.66,74,84,3.13,broken clouds
150,Bridlington,GB,54.0831,-0.1919,71.62,80,8,8.68,clear sky
151,Port Elizabeth,ZA,-33.918,25.5701,64.69,82,0,16.11,clear sky
152,Panama City,PA,8.9936,-79.5197,91.92,68,40,9.22,scattered clouds
153,Hamilton,US,39.1834,-84.5333,86.85,51,40,1.99,scattered clouds
154,Iqaluit,CA,63.7506,-68.5145,33.53,93,75,5.99,light snow
155,Usinsk,RU,65.9939,57.5281,48.83,86,100,18.07,overcast clouds
156,North Platte,US,41.1239,-100.7654,88.32,53,1,5.99,clear sky
157,Toora-Khem,RU,52.4675,96.11,41.05,92,99,9.42,overcast clouds
158,Osakarovka,KZ,50.565,72.5692,48.85,46,0,8.05,clear sky
159,Ketchikan,US,55.3422,-131.6461,48.67,93,90,14.97,light rain
160,Faya,SA,18.3851,42.4509,73.92,56,12,3.22,few clouds
161,Shimoda,JP,34.6667,138.95,71.17,91,98,12.17,overcast clouds
162,Clyde River,CA,70.4692,-68.5914,30.43,100,90,16.11,light snow
163,Beringovskiy,RU,63.05,179.3167,41.22,80,100,6.82,overcast clouds
164,Whakatane,NZ,-37.9585,176.9854,61.52,86,100,8.99,moderate rain
165,Ponta Do Sol,PT,32.6667,-17.1,71.71,68,43,2.3,scattered clouds
166,Wageningen,NL,51.9667,5.6667,65.14,88,90,1.01,mist
167,Waipawa,NZ,-41.4122,175.5153,56.03,77,86,5.82,overcast clouds
168,Odemira,PT,37.598,-8.6397,67.15,52,1,10.96,clear sky
169,Tocache,PE,-8.1842,-76.5125,84.97,60,67,0.18,broken clouds
170,Aguimes,ES,27.9054,-15.4461,70.75,77,40,27.63,scattered clouds
171,Victoria,HK,22.2855,114.1577,82.33,76,51,1.01,broken clouds
172,Auki,SB,-8.7676,160.7034,76.32,86,97,2.89,overcast clouds
173,Caravelas,BR,-17.7125,-39.2481,78.22,73,33,7.96,scattered clouds
174,Mount Isa,AU,-20.7333,139.5,58.77,47,68,9.22,broken clouds
175,Codrington,AU,-38.2667,141.9667,52.74,93,100,7.9,overcast clouds
176,Kutum,SD,14.2,24.6667,86.56,14,18,11.97,few clouds
177,Taoudenni,ML,22.6783,-3.9836,114.53,4,21,3.91,few clouds
178,Avera,US,33.194,-82.5271,91.06,51,100,5.01,overcast clouds
179,Birjand,IR,32.8663,59.2211,88.27,8,0,6.91,clear sky
180,Uribia,CO,11.7139,-72.266,90.59,49,100,20.27,overcast clouds
181,Padang,ID,-0.9492,100.3543,75.92,85,93,3.85,overcast clouds
182,Vinh,VN,18.6667,105.6667,78.21,94,99,3.58,overcast clouds
183,Rio Pardo De Minas,BR,-15.6097,-42.5397,78.55,44,58,9.24,broken clouds
184,Voh,NC,-20.9667,164.7,70.63,82,100,9.73,overcast clouds
185,Gorontalo,ID,0.5412,123.0595,75.2,94,95,3.38,overcast clouds
186,Bijie,CN,27.3125,105.2942,60.51,60,83,3.94,broken clouds
187,Airai,TL,-8.9266,125.4092,58.03,93,66,3.27,broken clouds
188,Solton,RU,52.8429,86.4787,41.29,98,100,6.46,overcast clouds
189,Dikson,RU,73.5069,80.5464,30.33,97,99,14.25,overcast clouds
190,Suntar,RU,62.1444,117.6319,49.51,72,100,2.64,overcast clouds
191,High Level,CA,58.5169,-117.136,64.51,55,20,3.06,few clouds
192,Ndele,CF,8.4109,20.6473,72.52,90,75,2.68,light rain
193,San Quintin,MX,30.4833,-115.95,68.9,63,21,10.4,few clouds
194,Sinazongwe,ZM,-17.2614,27.4618,63.91,51,1,4.21,clear sky
195,Makakilo City,US,21.3469,-158.0858,75.61,67,1,3.44,clear sky
196,Chokurdakh,RU,70.6333,147.9167,52.16,75,89,8.77,overcast clouds
197,Salisbury,GB,51.0693,-1.7957,70.63,64,40,11.5,scattered clouds
198,Khatanga,RU,71.9667,102.5,32.4,88,96,7.23,overcast clouds
199,Alibag,IN,18.6411,72.8792,84.27,76,82,1.61,broken clouds
200,Kotelnikovo,RU,47.6317,43.1461,56.91,90,100,7.92,light rain
201,Yuzhnyy,RU,53.2542,83.6936,48.58,71,40,6.71,scattered clouds
202,Nanortalik,GL,60.1432,-45.2371,45.45,68,98,11.07,overcast clouds
203,Karaton,ID,-6.3424,106.1045,81.95,94,53,2.62,broken clouds
204,Svobodnyy,RU,51.4,128.1333,46.62,65,0,7.09,clear sky
205,Turukhansk,RU,65.8167,87.9833,35.29,98,100,12.44,light rain
206,Tilichiki,RU,60.4667,166.1,41.16,85,100,1.66,overcast clouds
207,Bubaque,GW,11.2833,-15.8333,79.65,82,89,10.31,overcast clouds
208,Port Hedland,AU,-20.3167,118.5667,71.65,60,90,5.75,overcast clouds
209,Englewood,US,39.6478,-104.9878,92.91,25,20,3.0,few clouds
210,Takoradi,GH,4.8845,-1.7554,81.0,76,64,10.87,broken clouds
211,Kondopoga,RU,62.2057,34.2614,73.08,56,100,3.06,overcast clouds
212,Ocampo,MX,21.65,-101.5,74.28,30,52,5.03,broken clouds
213,Lompoc,US,34.6391,-120.4579,72.01,94,90,8.01,overcast clouds
214,Karlshamn,SE,56.1706,14.8619,69.91,59,30,4.88,scattered clouds
215,Hwange,ZW,-18.3693,26.5019,59.31,39,0,2.19,clear sky
216,New Norfolk,AU,-42.7826,147.0587,46.58,68,67,2.37,broken clouds
217,Port-Gentil,GA,-0.7193,8.7815,80.56,83,90,11.5,overcast clouds
218,Wajima,JP,37.4,136.9,64.4,80,100,10.76,overcast clouds
219,Camacupa,AO,-12.0167,17.4833,60.85,34,46,2.35,scattered clouds
220,Namibe,AO,-15.1961,12.1522,73.78,65,2,1.61,clear sky
221,Guerrero Negro,MX,27.9769,-114.0611,73.8,48,3,11.23,clear sky
222,Sao Joao Da Barra,BR,-21.6403,-41.0511,77.09,73,9,6.73,clear sky
223,Tadine,NC,-21.55,167.8833,70.95,83,96,4.81,overcast clouds
224,Kijang,KR,35.2442,129.2139,69.53,95,12,9.06,few clouds
225,Husavik,IS,66.0449,-17.3389,58.91,80,54,9.15,broken clouds
226,Sur,OM,22.5667,59.5289,89.56,59,0,12.33,clear sky
227,The Valley,AI,18.217,-63.0578,85.86,74,40,18.41,scattered clouds
228,Cristalina,BR,-16.7686,-47.6136,75.99,40,62,8.61,broken clouds
229,Aykhal,RU,66.0,111.5,38.39,63,18,12.06,few clouds
230,Hasaki,JP,35.7333,140.8333,66.29,80,96,9.1,overcast clouds
231,Kavaratti,IN,10.5669,72.642,82.89,77,100,13.8,overcast clouds
232,Vardo,NO,70.3705,31.1107,44.58,70,40,19.57,scattered clouds
233,Zhireken,RU,52.8249,117.3076,51.6,64,1,0.45,clear sky
234,Paamiut,GL,61.994,-49.6678,39.24,87,100,5.23,overcast clouds
235,Nerchinskiy Zavod,RU,51.3088,119.61,48.97,57,4,1.72,clear sky
236,Forbes,AU,-33.3833,148.0167,36.91,71,71,3.15,broken clouds
237,Nipawin,CA,53.3668,-104.0009,71.64,49,1,12.66,clear sky
238,Garden City,US,42.3256,-83.331,88.88,47,75,1.01,broken clouds
239,Vuktyl,RU,63.8567,57.3094,61.95,58,70,1.92,broken clouds
240,Tiksi,RU,71.6872,128.8694,34.81,77,100,5.46,overcast clouds
241,Kodiak,US,57.79,-152.4072,53.11,54,1,9.22,clear sky
242,Lorengau,PG,-2.0226,147.2712,80.1,81,79,3.15,broken clouds
243,Gamba,GA,-2.65,10.0,76.89,88,68,6.42,broken clouds
244,Pevek,RU,69.7008,170.3133,40.82,94,100,8.86,overcast clouds
245,Vila,PT,42.0304,-8.1588,72.73,46,22,6.24,few clouds
246,Jiaozuo,CN,35.2397,113.2331,80.38,19,0,9.89,light rain
247,Batemans Bay,AU,-35.7167,150.1833,48.9,68,38,5.28,scattered clouds
248,Sao Filipe,CV,14.8961,-24.4956,77.68,66,46,13.91,scattered clouds
249,Indian Head,US,38.6001,-77.1622,94.28,43,1,2.21,clear sky
250,Vanavara,RU,60.34,102.2797,40.19,60,94,2.66,overcast clouds
251,Belmonte,BR,-15.8631,-38.8828,81.1,70,48,10.0,scattered clouds
252,Novobirilyussy,RU,56.9514,90.6661,42.67,66,36,5.55,scattered clouds
253,Denpasar,ID,-8.65,115.2167,80.26,94,40,5.01,scattered clouds
254,Coquimbo,CL,-29.9533,-71.3436,58.73,82,75,5.44,broken clouds
255,Lac Du Bonnet,CA,50.2536,-96.0612,86.59,27,55,3.42,broken clouds
256,Hofn,IS,64.2539,-15.2082,48.65,82,98,5.79,overcast clouds
257,Borgarnes,IS,64.5383,-21.9206,57.81,79,100,9.01,overcast clouds
258,Shirokiy,RU,49.758,129.523,49.24,86,86,1.21,overcast clouds
259,Puerto Leguizamo,CO,-0.1934,-74.7819,88.63,55,56,0.76,broken clouds
260,Marsa Matruh,EG,31.3525,27.2453,75.4,53,0,18.41,clear sky
261,Paranaiba,BR,-19.6772,-51.1908,89.76,21,33,8.28,scattered clouds
262,Doka,SD,13.5167,35.7667,89.6,32,79,8.48,broken clouds
263,Flinders,AU,-34.5833,150.8552,51.06,60,66,1.01,broken clouds
264,Comodoro Rivadavia,AR,-45.8667,-67.5,51.66,43,40,19.57,scattered clouds
265,Griffith,US,41.5284,-87.4237,88.48,46,1,5.99,clear sky
266,Beidao,CN,34.5686,105.8933,65.01,69,70,4.79,broken clouds
267,Cidreira,BR,-30.1811,-50.2056,77.67,62,19,6.51,few clouds
268,Aragats,AM,40.4889,44.3528,51.37,71,69,4.29,broken clouds
269,Mayumba,GA,-3.432,10.6554,77.76,86,72,6.22,broken clouds
270,Paraiso,CR,9.8383,-83.8656,76.91,71,87,3.29,overcast clouds
271,Leshukonskoye,RU,64.8989,45.7622,63.09,56,16,7.81,few clouds
272,Kavieng,PG,-2.5744,150.7967,81.5,80,88,9.64,moderate rain
273,Chemax,MX,20.65,-87.9333,95.43,38,96,7.29,overcast clouds
274,La Orilla,MX,17.9833,-102.2333,87.66,58,73,9.86,broken clouds
275,Ambon,ID,-3.6954,128.1814,77.14,94,40,10.09,scattered clouds
276,Vostok,RU,46.4856,135.8833,45.95,95,80,1.99,broken clouds
277,Chara,RU,56.9064,118.2631,58.96,46,100,3.0,overcast clouds
278,Jinchang,CN,38.4953,102.1739,74.98,25,93,19.69,overcast clouds
279,Nova Mayachka,UA,46.6,33.2271,66.56,67,69,6.04,broken clouds
280,Palu,ID,-0.8917,119.8707,76.28,96,93,2.44,overcast clouds
281,Boyolangu,ID,-8.1181,111.8935,75.85,93,72,1.9,broken clouds
282,Bheramara,BD,24.0232,88.9925,88.11,56,85,9.51,overcast clouds
283,Kungurtug,RU,50.5994,97.5228,44.37,94,99,6.67,overcast clouds
284,Kiskore,HU,47.5,20.5,78.8,73,59,7.65,broken clouds
285,Socorro,US,31.6546,-106.3033,90.1,22,1,9.8,clear sky
286,Yatou,CN,37.15,122.3833,62.44,71,0,6.4,clear sky
287,Lincoln,US,40.8,-96.667,90.86,46,1,5.01,clear sky
288,Udachnyy,RU,66.4167,112.4,42.1,58,15,12.59,few clouds
289,Seddon,AU,-37.8068,144.8916,53.67,83,90,5.99,overcast clouds
290,Nisia Floresta,BR,-6.0911,-35.2086,86.81,62,27,13.42,scattered clouds
291,Chilca,PE,-12.5211,-76.7372,67.84,74,56,5.5,broken clouds
292,Sooke,CA,48.3746,-123.7276,59.02,82,82,14.99,broken clouds
293,Portlethen,GB,57.0547,-2.1307,65.97,62,9,4.0,clear sky
294,East London,ZA,-33.0153,27.9116,59.94,82,0,5.75,clear sky
295,Pouebo,NC,-20.4,164.5667,70.39,85,97,7.25,overcast clouds
296,Manokwari,ID,-0.8667,134.0833,77.54,82,100,4.09,overcast clouds
297,Tairua,NZ,-37.0167,175.85,61.09,85,100,11.83,moderate rain
298,Abu Zabad,SD,12.35,29.25,82.62,56,66,16.62,broken clouds
299,Anamur,TR,36.0751,32.8369,77.02,52,0,10.96,clear sky
300,Carnarvon,AU,-24.8667,113.6333,60.87,77,87,6.91,overcast clouds
301,College,US,64.8569,-147.8028,64.2,59,40,0.0,scattered clouds
302,Bayanday,RU,53.0661,105.5139,58.37,64,75,3.89,broken clouds
303,Tosya,TR,41.0155,34.0401,51.48,78,96,3.85,overcast clouds
304,Jurbarkas,LT,55.0778,22.7664,62.78,78,32,4.76,scattered clouds
305,Geraldton,AU,-28.7667,114.6,48.61,87,0,7.65,clear sky
306,Ovre Ardal,NO,61.3167,7.8,67.19,48,100,3.13,overcast clouds
307,Pacific Grove,US,36.6177,-121.9166,68.81,73,20,1.99,few clouds
308,Waw,SS,7.7029,27.9953,71.22,80,98,8.59,light rain
309,Mahon,ES,39.8885,4.2658,66.76,94,75,3.44,moderate rain
310,Tokomaru,NZ,-40.4667,175.5,57.09,96,99,3.83,moderate rain
311,Salamiyah,SY,35.0113,37.0532,70.99,46,0,11.63,clear sky
312,Leiyang,CN,26.4024,112.8591,66.15,79,0,3.38,clear sky
313,Karratha,AU,-20.7377,116.8463,71.92,76,25,9.06,scattered clouds
314,Matara,LK,5.9485,80.5353,78.4,89,73,10.42,broken clouds
315,Athabasca,CA,54.7169,-113.2854,63.01,46,91,4.52,overcast clouds
316,Porto Walter,BR,-8.2686,-72.7439,87.8,55,42,2.35,scattered clouds
317,Shelabolikha,RU,53.4131,82.6167,49.46,74,88,6.93,overcast clouds
318,Alugan,PH,12.2188,125.4808,77.76,89,99,4.63,light rain
319,Acapulco,MX,16.8634,-99.8901,89.42,62,75,7.45,broken clouds
320,Antalaha,MG,-14.9003,50.2788,72.95,89,92,3.0,overcast clouds
321,Dicabisagan,PH,17.0818,122.4157,80.44,86,92,6.31,overcast clouds
322,Zhigansk,RU,66.7697,123.3711,41.7,73,41,6.08,scattered clouds
323,Baykit,RU,61.67,96.37,37.87,77,43,3.74,scattered clouds
324,Alice Springs,AU,-23.7,133.8833,38.75,75,0,5.26,clear sky
325,Regina,CA,50.4501,-104.6178,84.31,29,75,19.57,broken clouds
326,Pangai,TO,-19.8,-174.35,74.66,65,43,15.35,scattered clouds
327,Catamarca,AR,-28.4696,-65.7852,76.05,66,45,4.0,scattered clouds
328,Nome,US,64.5011,-165.4064,33.87,86,90,9.22,light snow
329,Sovetskiy,RU,61.3614,63.5842,67.35,40,83,7.05,broken clouds
330,Muli,MV,2.9167,73.5667,83.39,76,90,15.35,overcast clouds
331,Inuvik,CA,68.3499,-133.7218,36.61,87,90,9.22,overcast clouds
332,San Cristobal,VE,7.7669,-72.225,84.38,55,77,7.83,broken clouds
333,Derzhavinsk,KZ,51.1,66.3167,58.66,36,95,8.03,overcast clouds
334,Lasa,IT,46.6166,10.7002,63.48,87,67,2.1,broken clouds
335,Torbay,CA,47.6666,-52.7314,60.76,87,90,6.91,overcast clouds
336,Dunmore Town,BS,25.5,-76.65,79.34,81,87,15.26,overcast clouds
337,Yulara,AU,-25.2406,130.9889,44.44,70,0,4.61,clear sky
338,Lucea,JM,18.451,-78.1736,85.86,75,13,13.82,few clouds
339,Maymyo,MM,22.0333,96.4667,69.08,90,84,1.48,broken clouds
340,Canon City,US,38.441,-105.2424,92.28,19,1,7.0,clear sky
341,Morwell,AU,-38.2333,146.4,52.92,81,92,4.59,overcast clouds
342,Alofi,NU,-19.0595,-169.9187,71.49,78,85,8.05,overcast clouds
343,Moroni,KM,-11.7022,43.2551,77.14,80,67,18.12,light rain
344,Beloha,MG,-25.1667,45.05,63.27,75,59,9.24,broken clouds
345,Kaitangata,NZ,-46.2817,169.8464,44.92,79,100,4.59,overcast clouds
346,Ponta Delgada,PT,37.7333,-25.6667,68.72,68,20,12.66,few clouds
347,Kahului,US,20.8947,-156.47,78.84,70,20,17.27,few clouds
348,Xuddur,SO,4.1213,43.8894,81.36,48,85,14.58,overcast clouds
349,Creston,US,41.0586,-94.3614,87.08,48,1,16.11,clear sky
350,Danielskuil,ZA,-28.1887,23.5395,46.29,22,0,7.96,clear sky
351,Qasigiannguit,GL,68.8193,-51.1922,48.45,54,13,10.76,few clouds
352,Fallon,US,39.4735,-118.7774,90.43,16,40,4.61,scattered clouds
353,Tutoia,BR,-2.7619,-42.2744,89.58,60,6,7.58,clear sky
354,Asyut,EG,27.181,31.1837,82.58,19,0,11.03,clear sky
355,Altay,CN,47.8667,88.1167,45.9,69,5,7.38,clear sky
356,Port Lincoln,AU,-34.7333,135.8667,57.51,93,68,11.99,broken clouds
357,Korla,CN,41.7597,86.1469,78.4,25,32,5.17,scattered clouds
358,Novopokrovka,UA,49.8425,36.5477,59.38,96,100,6.08,light rain
359,Nuuk,GL,64.1835,-51.7216,43.41,87,75,17.27,light rain
360,Asfi,MA,32.2994,-9.2372,68.36,71,0,20.96,clear sky
361,San Vicente,AR,-26.6167,-54.1333,82.71,35,82,5.99,broken clouds
362,Talaya,RU,61.3833,152.75,38.62,81,85,5.79,overcast clouds
363,Awjilah,LY,29.1081,21.2869,84.24,15,0,9.08,clear sky
364,Ust-Omchug,RU,61.15,149.6333,41.13,79,90,4.03,overcast clouds
365,Bonnyville,CA,54.2668,-110.735,64.2,51,76,8.97,broken clouds
366,Mednogorsk,RU,51.4128,57.595,55.83,43,81,9.28,broken clouds
367,San Joaquin,US,37.9333,-121.3011,84.78,42,1,4.61,clear sky
368,Mgachi,RU,51.05,142.2667,40.12,98,100,6.53,overcast clouds
369,Manati,PR,18.4275,-66.4921,88.09,77,93,18.5,light rain
370,Chuka,KE,-0.3332,37.6459,62.2,79,68,4.76,broken clouds
371,Saint Anthony,US,45.0205,-93.218,93.83,38,1,1.99,clear sky
372,Nanchong,CN,30.7951,106.0847,73.6,61,91,1.52,overcast clouds
373,Tondano,ID,1.3038,124.9112,73.49,96,98,2.98,overcast clouds
374,Lipin Bor,RU,60.2622,37.9763,60.91,62,3,1.83,clear sky
375,Maneromango,TZ,-7.1988,38.7848,74.95,94,70,6.11,broken clouds
376,Haines Junction,CA,60.7522,-137.5108,53.55,58,94,10.36,light rain
377,Flin Flon,CA,54.7682,-101.865,58.84,88,90,8.19,overcast clouds
378,Sidney,AU,-33.8679,151.2073,49.62,74,0,5.01,clear sky
379,Egvekinot,RU,66.3167,-179.1667,33.19,80,87,1.7,overcast clouds
380,Loding,NO,67.3,14.75,64.54,45,0,4.0,clear sky
381,Gravdal,NO,68.1214,13.5031,51.71,75,28,11.68,scattered clouds
382,Isangel,VU,-19.55,169.2667,74.61,84,88,8.32,overcast clouds
383,Dandong,CN,40.1292,124.3947,61.02,69,93,2.35,overcast clouds
384,Araouane,ML,18.9048,-3.5265,110.5,5,19,7.14,few clouds
385,Ust-Nera,RU,64.5667,143.2,62.1,52,19,3.96,few clouds
386,The Pas,CA,53.8251,-101.2541,73.42,53,90,7.54,overcast clouds
387,Deputatskiy,RU,69.3,139.9,48.22,81,100,5.55,overcast clouds
388,Lethem,GY,3.3803,-59.7968,85.24,68,48,4.74,scattered clouds
389,Huambo,AO,-12.7761,15.7392,60.31,34,53,1.16,broken clouds
390,Lae,PG,-6.7221,146.9847,75.67,90,90,4.32,overcast clouds
391,Tuatapere,NZ,-46.1333,167.6833,39.76,89,5,3.96,clear sky
392,Poso,ID,-1.3959,120.7524,77.14,86,58,5.7,broken clouds
393,Fairbanks,US,64.8378,-147.7164,64.22,59,1,3.44,clear sky
394,Nacala,MZ,-14.5428,40.6728,70.68,78,38,13.02,scattered clouds
395,Kaeo,NZ,-35.1,173.7833,60.33,94,100,16.17,moderate rain
396,Keflavik,IS,64.0049,-22.5624,53.53,93,75,26.46,broken clouds
397,Redmond,US,47.674,-122.1215,63.64,68,97,1.99,overcast clouds
398,Tulsipur,NP,28.131,82.2973,83.07,43,42,4.63,scattered clouds
399,Isla Vista,US,34.4133,-119.861,84.13,77,90,5.75,overcast clouds
400,Mende,FR,44.6667,3.5,54.59,72,70,7.83,broken clouds
401,Preobrazheniye,RU,42.9019,133.9064,52.97,93,82,7.02,broken clouds
402,Bathsheba,BB,13.2167,-59.5167,88.41,55,40,19.93,scattered clouds
403,Lapua,FI,62.9693,23.0088,67.71,61,41,3.36,scattered clouds
404,Beyneu,KZ,45.3167,55.2,82.71,32,23,19.3,few clouds
405,Port Hueneme,US,34.1478,-119.1951,81.14,73,90,3.44,overcast clouds
406,Rundu,NA,-17.9333,19.7667,57.45,32,0,7.45,clear sky
407,Talara,PE,-4.5772,-81.2719,77.76,65,0,14.97,clear sky
408,Saskylakh,RU,71.9167,114.0833,36.41,82,98,2.15,overcast clouds
409,Solnechnyy,RU,50.7214,136.6319,42.67,94,100,6.38,overcast clouds
410,Charlestown,AU,-32.95,151.6667,49.41,74,73,1.99,broken clouds
411,Agadez,NE,19.75,10.25,99.16,9,50,8.3,scattered clouds
412,Cururupu,BR,-1.8283,-44.8683,87.21,54,13,7.05,few clouds
413,Brezno,SK,48.8043,19.6363,59.52,90,79,2.26,broken clouds
414,Seybaplaya,MX,19.65,-90.6667,91.35,51,90,6.26,overcast clouds
415,Kamenka,RU,51.3223,42.7678,54.27,96,100,10.16,overcast clouds
416,Orlik,RU,52.5178,99.825,53.46,75,100,6.78,light rain
417,Ikare,NG,7.4913,5.2322,74.17,86,93,3.4,overcast clouds
418,Zhoucheng,CN,35.9122,116.3117,73.74,25,0,5.95,clear sky
419,Redlands,US,34.0556,-117.1825,101.26,52,1,1.99,clear sky
420,Taldan,RU,53.6667,124.8,46.51,54,15,1.59,few clouds
421,Esmeraldas,BR,-19.7625,-44.3139,78.91,39,14,8.12,few clouds
422,Mundo Nuevo,MX,18.7,-95.5,84.96,68,100,5.41,overcast clouds
423,Tukrah,LY,32.5341,20.5791,70.43,65,7,12.41,clear sky
424,Klaksvik,FO,62.2266,-6.589,50.92,89,52,13.65,broken clouds
425,Grafton,US,42.207,-71.6856,90.72,55,1,5.99,clear sky
426,Soto La Marina,MX,23.7667,-98.2167,91.06,49,99,6.42,overcast clouds
427,Sambava,MG,-14.2667,50.1667,74.68,84,89,3.44,overcast clouds
428,Nkpor,NG,6.1516,6.8446,73.36,91,100,3.11,overcast clouds
429,Malinyi,TZ,-8.9333,36.1333,68.83,89,88,3.71,light rain
430,Taraz,KZ,42.9,71.3667,75.61,38,75,6.71,broken clouds
431,Inhambane,MZ,-23.865,35.3833,66.18,68,40,4.61,scattered clouds
432,La Asuncion,VE,11.0333,-63.8628,76.73,100,99,20.71,overcast clouds
433,Jijiga,ET,9.35,42.8,66.06,73,20,9.89,few clouds
434,Imelda,PH,7.65,123.95,77.79,86,99,1.81,overcast clouds
435,Tautira,PF,-17.7333,-149.15,78.82,79,72,11.5,broken clouds
436,Gat,IL,31.61,34.7642,74.8,100,0,8.12,clear sky
437,Majene,ID,-3.5403,118.9707,78.96,86,95,10.74,overcast clouds
438,Sao Jose Da Coroa Grande,BR,-8.8978,-35.1478,79.11,81,11,12.73,few clouds
439,Los Llanos De Aridane,ES,28.6585,-17.9182,66.13,74,40,12.95,scattered clouds
440,Novaya Igirma,RU,57.1334,103.9112,50.07,95,100,8.16,overcast clouds
441,Chernyshevsk,RU,52.5243,117.0174,54.61,59,1,1.36,clear sky
442,Oak Harbor,US,48.2932,-122.6432,61.81,79,90,5.01,overcast clouds
443,Sergeyevka,KZ,53.88,67.4158,54.12,52,31,5.57,scattered clouds
444,Sioux Lookout,CA,50.1001,-91.917,79.18,47,75,4.61,broken clouds
445,Catuday,PH,16.2923,119.8062,81.14,82,100,10.96,overcast clouds
446,Owando,CG,-0.4819,15.8999,77.23,77,86,4.79,light rain
447,San Blas,MX,21.5167,-105.2667,96.69,54,64,8.14,broken clouds
448,Nago,JP,26.5881,127.9761,81.45,93,100,4.85,light rain
449,Srednekolymsk,RU,67.45,153.6833,59.92,44,3,16.28,clear sky
450,Taltal,CL,-25.4,-70.4833,64.45,73,42,6.35,scattered clouds
451,Phalaborwa,ZA,-23.943,31.1411,56.48,56,9,5.37,clear sky
452,Yakeshi,CN,49.2833,120.7333,47.34,85,1,3.56,clear sky
453,Gizo,SB,-8.103,156.8419,80.91,77,98,5.46,overcast clouds
454,Sola,VU,-13.8833,167.55,79.32,73,91,9.69,overcast clouds
455,Chapais,CA,49.7834,-74.8492,58.78,81,100,8.9,overcast clouds
456,Broken Hill,AU,-31.95,141.4333,46.11,81,1,3.44,clear sky
457,Misratah,LY,32.3754,15.0925,72.77,60,62,9.71,broken clouds
458,Igarka,RU,67.4667,86.5833,30.72,88,98,13.85,overcast clouds
459,Barentu,ER,15.1139,37.5928,92.75,16,56,10.78,broken clouds
460,Coos Bay,US,43.3665,-124.2179,59.23,88,90,0.0,overcast clouds
461,Hambantota,LK,6.1241,81.1185,79.16,84,56,14.7,broken clouds
462,Mahina,PF,-17.5065,-149.489,78.57,73,40,10.56,scattered clouds
463,Zhucheng,CN,35.9947,119.3975,69.64,41,0,5.95,light rain
464,Margate,GB,51.3813,1.3862,66.11,84,49,7.2,scattered clouds
465,Coahuayana,MX,18.7333,-103.6833,90.88,47,100,7.31,overcast clouds
466,Kushmurun,KZ,52.4503,64.6311,58.41,37,64,7.11,broken clouds
467,Rawson,AR,-43.3002,-65.1023,52.57,43,1,24.11,clear sky
468,Ulaanbaatar,MN,47.9077,106.8832,66.33,37,40,6.82,scattered clouds
469,Isabela,PH,6.7085,121.9711,80.1,82,100,1.36,overcast clouds
470,Lucapa,AO,-8.4192,20.7447,71.98,39,81,4.41,broken clouds
471,Ostrovnoy,RU,68.0531,39.5131,42.73,81,84,13.73,broken clouds
472,Buraydah,SA,26.326,43.975,102.65,7,26,9.35,scattered clouds
473,Prokuplje,RS,43.2342,21.5881,76.28,67,31,0.25,scattered clouds
474,Ambilobe,MG,-13.2,49.05,75.72,78,88,3.51,overcast clouds
475,Samarai,PG,-10.6167,150.6667,77.86,87,99,15.03,overcast clouds
476,Rocha,UY,-34.4833,-54.3333,57.99,98,100,10.09,overcast clouds
477,Hachinohe,JP,40.5,141.5,58.05,83,100,6.58,overcast clouds
478,Portland,US,45.5234,-122.6762,64.44,66,90,1.99,overcast clouds
479,Wattegama,LK,6.7989,81.4808,73.98,90,89,3.74,overcast clouds
480,Ankazoabo,MG,-22.2833,44.5167,63.75,79,6,11.16,clear sky
481,Juba,SS,4.8517,31.5825,78.21,70,21,4.21,few clouds
482,Clonakilty,IE,51.6231,-8.8706,63.61,80,92,7.47,overcast clouds
483,Hualmay,PE,-11.0964,-77.6139,69.53,69,37,10.8,scattered clouds
484,Ibra,OM,22.6906,58.5334,89.04,40,0,4.68,clear sky
485,Show Low,US,34.2542,-110.0298,85.3,14,1,6.91,clear sky
486,Gwadar,PK,25.1216,62.3254,84.47,75,39,7.58,scattered clouds
487,Lanzhou,CN,36.0564,103.7922,63.68,17,77,5.1,broken clouds
488,Nador,MA,35.174,-2.9287,73.47,78,20,4.38,few clouds
489,Manacor,ES,39.5696,3.2096,69.33,80,98,10.13,overcast clouds
490,Farmington,US,36.7281,-108.2187,91.09,20,1,5.75,clear sky
491,Krasnyy Luch,UA,48.1395,38.9371,56.71,90,100,8.63,overcast clouds
492,Neuquen,AR,-38.9516,-68.0591,55.29,41,0,10.36,clear sky
493,Lazaro Cardenas,MX,17.9583,-102.2,87.67,59,72,9.37,broken clouds
494,Jutai,BR,-5.1833,-68.9,84.67,78,86,3.74,overcast clouds
495,Swinoujscie,PL,53.9105,14.2471,73.74,37,0,12.66,clear sky
496,Balabac,PH,7.9868,117.0645,82.18,79,88,1.72,overcast clouds
497,Hami,CN,42.8,93.45,74.35,37,100,6.76,overcast clouds
498,Vicam,MX,27.6333,-110.2833,93.81,20,0,6.89,clear sky
499,Richards Bay,ZA,-28.783,32.0377,60.53,85,22,4.41,light rain
500,Poum,NC,-20.2333,164.0167,73.72,76,100,24.76,overcast clouds
501,Monrovia,LR,6.3005,-10.7969,85.77,78,99,8.14,light rain
502,Roebourne,AU,-20.7833,117.1333,71.6,74,22,8.39,few clouds
503,Bang Mun Nak,TH,16.0278,100.3792,84.33,66,100,1.74,overcast clouds
504,Turayf,SA,31.6725,38.6637,86.25,16,0,9.22,clear sky
505,Linjiang,CN,41.8069,126.9078,49.51,98,65,1.77,broken clouds
506,Benjamin Constant,BR,-4.3831,-70.0311,84.33,78,40,1.19,scattered clouds
507,Bowen,AU,-20.0167,148.2333,50.22,70,62,9.42,broken clouds
508,Phek,IN,25.6667,94.5,58.77,97,79,1.48,broken clouds
509,Salym,RU,60.0625,71.4789,54.37,89,74,4.97,broken clouds
510,Shieli,KZ,44.1667,66.75,80.02,45,72,12.95,broken clouds
511,Marsabit,KE,2.3284,37.9899,70.9,46,75,15.64,broken clouds
512,Chimoio,MZ,-19.1164,33.4833,55.26,88,20,5.75,few clouds
513,Coventry,GB,52.4066,-1.5122,69.76,46,0,7.56,clear sky
514,Sembakung,ID,3.8167,117.25,74.55,95,100,1.16,overcast clouds
515,Nyurba,RU,63.2842,118.3319,47.12,75,100,3.78,overcast clouds
516,Porto Novo,BJ,6.4965,2.6036,82.22,87,99,7.52,light rain
517,Otavi,NA,-19.65,17.3333,56.82,33,0,9.98,clear sky
518,Dubbo,AU,-32.25,148.6167,32.13,100,61,4.61,broken clouds
519,Akonolinga,CM,3.7667,12.25,68.95,99,100,2.84,overcast clouds
520,Alta Floresta,BR,-9.8756,-56.0861,93.02,43,40,9.22,scattered clouds
521,Craigieburn,AU,-37.6,144.95,51.78,86,75,9.35,broken clouds
522,Barpeta,IN,26.3167,91.0,71.69,94,36,11.9,scattered clouds
523,Khovu-Aksy,RU,51.1333,93.6,39.0,79,91,5.73,overcast clouds
524,Ilulissat,GL,69.2167,-51.1,48.22,46,1,5.75,clear sky
525,Maltahohe,NA,-24.8333,16.9833,56.37,31,0,10.89,clear sky
526,Briancon,FR,44.9,6.65,61.84,73,60,5.35,broken clouds
527,Zainsk,RU,55.3195,52.0694,65.39,81,21,5.28,few clouds
528,Lata,PT,40.1629,-8.3327,80.04,44,6,8.37,clear sky
529,Yarensk,RU,62.1675,49.0916,65.12,51,12,5.64,few clouds
530,Fukue,JP,32.6881,128.8419,66.9,83,93,8.63,overcast clouds
531,Samfya,ZM,-11.3649,29.5565,69.78,52,82,13.18,broken clouds
532,Camana,PE,-16.6228,-72.7111,66.51,78,11,7.27,few clouds
533,Port Shepstone,ZA,-30.7414,30.455,61.11,71,11,5.03,few clouds
534,Valparaiso,CL,-33.0393,-71.6273,70.03,65,0,10.36,haze
535,Baiao,BR,-2.7906,-49.6717,85.98,63,26,2.42,scattered clouds
536,Gaoua,BF,10.2992,-3.2508,95.04,37,28,4.79,scattered clouds
537,Ekpoma,NG,6.7421,6.139,72.01,94,100,3.58,overcast clouds
538,Wichita Falls,US,33.9137,-98.4934,78.26,70,75,4.0,broken clouds
539,Khandyga,RU,62.6667,135.6,56.48,59,40,2.8,scattered clouds
540,Lagoa,PT,39.05,-27.9833,63.43,78,0,2.73,clear sky
541,Sokolo,ML,14.7328,-6.1219,109.4,10,14,6.64,few clouds
542,Ahipara,NZ,-35.1667,173.1667,59.49,88,100,16.69,light rain
543,Maceio,BR,-9.6658,-35.7353,81.84,74,75,13.85,broken clouds
544,Olafsvik,IS,64.8945,-23.7142,48.67,87,100,4.61,light rain
545,Batagay-Alyta,RU,67.8006,130.4114,38.07,92,100,3.71,light rain
546,Tselinnoye,RU,53.0833,85.6667,42.35,93,91,7.31,overcast clouds
547,Joao Pinheiro,BR,-17.7425,-46.1725,81.84,37,63,7.92,broken clouds
548,Rohru,IN,31.2167,77.75,62.53,67,49,3.85,scattered clouds
549,Markova,UA,48.6758,24.4138,60.39,90,100,3.13,overcast clouds
550,Basavakalyan,IN,17.8667,76.95,81.75,62,18,7.61,few clouds
551,Santa Fe,AR,-31.6333,-60.7,67.01,73,100,7.0,overcast clouds
552,San Jeronimo,PE,-11.9472,-75.2829,62.2,40,14,3.06,few clouds
553,Mehamn,NO,71.0357,27.8492,42.03,71,66,17.07,broken clouds
554,Nova Olinda Do Norte,BR,-3.8881,-59.0942,87.17,63,14,5.61,few clouds
555,Bacungan,PH,9.9106,118.7022,80.91,84,94,2.91,overcast clouds
556,Renqiu,CN,38.6989,116.0936,72.48,32,51,6.08,broken clouds
557,Bereda,ES,43.2686,-7.5406,68.41,69,7,6.62,clear sky
558,Te Anau,NZ,-45.4167,167.7167,39.0,91,28,1.74,scattered clouds
559,Shangrao,CN,28.4532,117.9686,65.37,87,1,0.85,clear sky
560,Ancud,CL,-41.8697,-73.8203,54.43,69,68,3.74,broken clouds
561,Santarem,BR,-2.4431,-54.7083,86.13,79,20,10.36,few clouds
562,Katangli,RU,51.7102,143.2326,39.4,94,100,13.11,overcast clouds
563,Mitsamiouli,KM,-11.3847,43.2844,79.05,75,67,20.09,broken clouds
564,Hohhot,CN,40.8106,111.6522,62.89,31,0,4.83,clear sky
565,Tucurui,BR,-3.7661,-49.6725,87.98,56,23,3.36,few clouds
566,Namatanai,PG,-3.6667,152.4333,79.2,84,33,6.82,light rain
567,Setermoen,NO,68.861,18.3486,61.43,54,14,5.7,few clouds
568,Inirida,CO,3.8653,-67.9239,81.64,88,63,2.57,heavy intensity rain
569,Ulaangom,MN,49.9811,92.0667,47.62,39,25,26.91,scattered clouds
570,Campo Maior,BR,-4.8278,-42.1686,95.0,32,3,2.35,clear sky
571,Parfenyevo,RU,58.484,43.4088,57.79,67,7,3.87,clear sky
572,Ayan,RU,56.45,138.1667,39.22,91,100,7.58,overcast clouds
573,Sao Pedro Do Piaui,BR,-5.9294,-42.7186,93.76,29,21,7.34,few clouds
574,Semey,KZ,50.4111,80.2275,51.08,49,9,7.52,clear sky
575,Bam,IR,29.106,58.357,96.58,6,2,5.06,clear sky
576,Isiro,CD,2.7739,27.616,68.68,99,93,3.09,moderate rain
577,Cine,TR,37.6117,28.0614,76.1,37,1,5.86,clear sky
578,Bontang,ID,0.1333,117.5,79.39,86,61,4.68,broken clouds
579,Luderitz,NA,-26.6481,15.1594,69.06,36,0,9.51,clear sky
580,Potam,MX,27.6,-110.3833,93.92,24,0,9.4,clear sky
581,Kattivakkam,IN,13.2167,80.3167,86.07,86,99,12.15,overcast clouds
582,Tura,IN,25.5198,90.2201,74.64,95,80,7.07,broken clouds
583,Lesnoy,RU,57.6198,63.0784,59.38,55,36,9.89,scattered clouds
584,Inta,RU,66.0317,60.1659,50.47,69,100,13.38,overcast clouds
585,Saldanha,ZA,-33.0117,17.9442,60.85,48,1,10.65,clear sky
586,Den Helder,NL,52.9599,4.7593,60.98,94,90,10.0,mist
587,Belaya Kholunitsa,RU,58.84,50.8528,56.5,69,51,3.02,broken clouds
588,Chachapoyas,PE,-6.2317,-77.869,63.7,72,54,2.95,light rain
589,Puro,PH,12.4841,123.3827,81.07,79,99,9.84,heavy intensity rain
590,Itarema,BR,-2.9248,-39.9167,84.85,59,0,14.54,clear sky
591,Saint Marys,US,30.7305,-81.5465,91.62,78,1,9.08,clear sky
592,Seda,LV,57.65,25.75,61.65,77,91,4.94,overcast clouds
593,Naranjito,EC,-2.2167,-79.4833,78.48,73,100,0.76,overcast clouds
594,Jiaxing,CN,30.7522,120.75,69.82,83,38,6.78,light rain
595,Anaconda,US,46.1285,-112.9423,77.77,24,44,17.72,scattered clouds
596,Labuhan,ID,-6.8844,112.2051,78.67,83,44,7.74,scattered clouds
597,Whitehorse,CA,60.7161,-135.0538,52.57,50,75,8.01,broken clouds
598,Dryden,CA,49.7833,-92.7503,79.09,47,20,5.75,few clouds
599,Mwanza,TZ,-2.5167,32.9,80.65,54,20,0.0,few clouds
600,Soyo,AO,-6.1349,12.3689,80.65,86,58,11.3,broken clouds
601,Mbeya,TZ,-8.9,33.45,57.79,90,94,6.78,overcast clouds
602,Chubbuck,US,42.9208,-112.4661,78.69,36,1,18.01,clear sky
603,Taksimo,RU,56.3444,114.8794,61.02,48,50,0.69,scattered clouds
604,Verkhnyaya Toyma,RU,62.2349,44.9985,65.7,50,7,3.38,clear sky
605,Bulaevo,KZ,54.9056,70.4439,53.58,64,2,7.74,clear sky
606,Tomigusuku,JP,26.185,127.675,81.14,97,75,8.05,broken clouds
607,Mitu,CO,1.1983,-70.1733,85.82,66,23,2.3,few clouds
608,Tumut,AU,-35.3,148.2167,40.19,69,58,1.05,broken clouds
609,Juneau,US,58.3019,-134.4197,50.22,94,90,3.11,light rain
610,Hillsborough,US,37.5741,-122.3794,77.99,62,20,4.0,haze
611,Okakarara,NA,-20.5833,17.4333,53.08,33,0,7.76,clear sky
